{
  "comment": "?", 
  "reference": "?", 
  "Ecom [GeV]": "13000", 
  "process_id": "pp13_winopmC1N2", 
  "PDF set": "?", 
  "data": {
    "xsec_pb": {
      "0": 22.7, 
      "1": 10.0, 
      "2": 5.18, 
      "3": 2.95, 
      "4": 1.81, 
      "5": 1.17, 
      "6": 0.782, 
      "7": 0.543, 
      "8": 0.387, 
      "9": 0.282, 
      "10": 0.209, 
      "11": 0.158, 
      "12": 0.121, 
      "13": 0.0938, 
      "14": 0.0734, 
      "15": 0.0581, 
      "16": 0.0464, 
      "17": 0.0373, 
      "18": 0.0302, 
      "19": 0.0246, 
      "20": 0.0201, 
      "21": 0.0166, 
      "22": 0.0137, 
      "23": 0.0114, 
      "24": 0.00951, 
      "25": 0.00796, 
      "26": 0.00669, 
      "27": 0.00564, 
      "28": 0.00476, 
      "29": 0.00403, 
      "30": 0.00342, 
      "31": 0.00291, 
      "32": 0.0025, 
      "33": 0.00213, 
      "34": 0.00182, 
      "35": 0.00157, 
      "36": 0.00134, 
      "37": 0.00116, 
      "38": 0.000998, 
      "39": 0.000865, 
      "40": 0.00074, 
      "41": 0.000647, 
      "42": 0.000556, 
      "43": 0.000487, 
      "44": 0.000416, 
      "45": 0.000362, 
      "46": 0.000317, 
      "47": 0.000277, 
      "48": 0.000241, 
      "49": 0.00021, 
      "50": 0.000186, 
      "51": 0.000161, 
      "52": 0.000131, 
      "53": 0.000121, 
      "54": 0.000111, 
      "55": 9.07e-05, 
      "56": 7.96e-05, 
      "57": 6.95e-05, 
      "58": 6.1e-05, 
      "59": 5.31e-05, 
      "60": 4.69e-05, 
      "61": 4.14e-05, 
      "62": 3.59e-05, 
      "63": 3.13e-05, 
      "64": 2.72e-05, 
      "65": 2.4e-05, 
      "66": 2.1e-05, 
      "67": 1.84e-05, 
      "68": 1.61e-05, 
      "69": 1.39e-05, 
      "70": 1.21e-05, 
      "71": 1.05e-05, 
      "72": 9.37e-06, 
      "73": 8.15e-06, 
      "74": 7.14e-06, 
      "75": 6.22e-06, 
      "76": 5.45e-06
    }, 
    "unc_pb": {
      "0": 0.974, 
      "1": 0.458, 
      "2": 0.253, 
      "3": 0.154, 
      "4": 0.101, 
      "5": 0.0688, 
      "6": 0.0487, 
      "7": 0.0354, 
      "8": 0.0264, 
      "9": 0.02, 
      "10": 0.0155, 
      "11": 0.0121, 
      "12": 0.00962, 
      "13": 0.00774, 
      "14": 0.00624, 
      "15": 0.00505, 
      "16": 0.00416, 
      "17": 0.00347, 
      "18": 0.00288, 
      "19": 0.0024, 
      "20": 0.00204, 
      "21": 0.0017, 
      "22": 0.00144, 
      "23": 0.00122, 
      "24": 0.00104, 
      "25": 0.000885, 
      "26": 0.00077, 
      "27": 0.000655, 
      "28": 0.000564, 
      "29": 0.000478, 
      "30": 0.000412, 
      "31": 0.000366, 
      "32": 0.000314, 
      "33": 0.000268, 
      "34": 0.000243, 
      "35": 0.000218, 
      "36": 0.000176, 
      "37": 0.000156, 
      "38": 0.000133, 
      "39": 0.000118, 
      "40": 0.000107, 
      "41": 9.18e-05, 
      "42": 8.28e-05, 
      "43": 6.45e-05, 
      "44": 5.79e-05, 
      "45": 5.62e-05, 
      "46": 4.65e-05, 
      "47": 4.3e-05, 
      "48": 3.4e-05, 
      "49": 2.88e-05, 
      "50": 3.1e-05, 
      "51": 2.31e-05, 
      "52": 1.89e-05, 
      "53": 1.84e-05, 
      "54": 1.74e-05, 
      "55": 1.53e-05, 
      "56": 1.3e-05, 
      "57": 1.16e-05, 
      "58": 1.07e-05, 
      "59": 1.01e-05, 
      "60": 9.44e-06, 
      "61": 8.7e-06, 
      "62": 7.81e-06, 
      "63": 7.24e-06, 
      "64": 6.83e-06, 
      "65": 5.75e-06, 
      "66": 5.21e-06, 
      "67": 4.75e-06, 
      "68": 4.37e-06, 
      "69": 3.93e-06, 
      "70": 3.76e-06, 
      "71": 3.48e-06, 
      "72": 2.99e-06, 
      "73": 2.71e-06, 
      "74": 2.44e-06, 
      "75": 2.24e-06, 
      "76": 2.07e-06
    }, 
    "mass_GeV": {
      "0": 100, 
      "1": 125, 
      "2": 150, 
      "3": 175, 
      "4": 200, 
      "5": 225, 
      "6": 250, 
      "7": 275, 
      "8": 300, 
      "9": 325, 
      "10": 350, 
      "11": 375, 
      "12": 400, 
      "13": 425, 
      "14": 450, 
      "15": 475, 
      "16": 500, 
      "17": 525, 
      "18": 550, 
      "19": 575, 
      "20": 600, 
      "21": 625, 
      "22": 650, 
      "23": 675, 
      "24": 700, 
      "25": 725, 
      "26": 750, 
      "27": 775, 
      "28": 800, 
      "29": 825, 
      "30": 850, 
      "31": 875, 
      "32": 900, 
      "33": 925, 
      "34": 950, 
      "35": 975, 
      "36": 1000, 
      "37": 1025, 
      "38": 1050, 
      "39": 1075, 
      "40": 1100, 
      "41": 1125, 
      "42": 1150, 
      "43": 1175, 
      "44": 1200, 
      "45": 1225, 
      "46": 1250, 
      "47": 1275, 
      "48": 1300, 
      "49": 1325, 
      "50": 1350, 
      "51": 1375, 
      "52": 1400, 
      "53": 1425, 
      "54": 1450, 
      "55": 1475, 
      "56": 1500, 
      "57": 1525, 
      "58": 1550, 
      "59": 1575, 
      "60": 1600, 
      "61": 1625, 
      "62": 1650, 
      "63": 1675, 
      "64": 1700, 
      "65": 1725, 
      "66": 1750, 
      "67": 1775, 
      "68": 1800, 
      "69": 1825, 
      "70": 1850, 
      "71": 1875, 
      "72": 1900, 
      "73": 1925, 
      "74": 1950, 
      "75": 1975, 
      "76": 2000
    }
  }, 
  "initial state": "pp", 
  "order": "?", 
  "source": "?", 
  "contact": "?", 
  "tool": "?", 
  "process_latex": "$\\tilde\\chi_1^\\pm\\tilde\\chi_2^0\\,$ (wino)"
}