{
  "comment": "?", 
  "reference": "?", 
  "Ecom [GeV]": "13000", 
  "process_id": "pp13_hino", 
  "PDF set": "?", 
  "data": {
    "xsec_pb": {
      "0": 16.8, 
      "1": 3.83, 
      "2": 1.34, 
      "3": 0.577, 
      "4": 0.285, 
      "5": 0.154, 
      "6": 0.0887, 
      "7": 0.0538, 
      "8": 0.0338, 
      "9": 0.022, 
      "10": 0.0147, 
      "11": 0.00996, 
      "12": 0.0069, 
      "13": 0.00487, 
      "14": 0.00346, 
      "15": 0.00249, 
      "16": 0.00181, 
      "17": 0.00133, 
      "18": 0.000969, 
      "19": 0.000731, 
      "20": 0.000538, 
      "21": 0.000405, 
      "22": 0.000299, 
      "23": 0.00024, 
      "24": 0.000161, 
      "25": 0.000111, 
      "26": 7.8e-05, 
      "27": 6.97e-05
    }, 
    "unc_pb": {
      "0": 0.603, 
      "1": 0.159, 
      "2": 0.0634, 
      "3": 0.0308, 
      "4": 0.0167, 
      "5": 0.00986, 
      "6": 0.00619, 
      "7": 0.00402, 
      "8": 0.00272, 
      "9": 0.00187, 
      "10": 0.00132, 
      "11": 0.000937, 
      "12": 0.000678, 
      "13": 0.000493, 
      "14": 0.000373, 
      "15": 0.000274, 
      "16": 0.000205, 
      "17": 0.000155, 
      "18": 0.000122, 
      "19": 8.67e-05, 
      "20": 7.21e-05, 
      "21": 4.89e-05, 
      "22": 4.87e-05, 
      "23": 2.87e-05, 
      "24": 1.96e-05, 
      "25": 1.98e-05, 
      "26": 9.26e-06, 
      "27": 1.39e-05
    }, 
    "mass_GeV": {
      "0": 100, 
      "1": 150, 
      "2": 200, 
      "3": 250, 
      "4": 300, 
      "5": 350, 
      "6": 400, 
      "7": 450, 
      "8": 500, 
      "9": 550, 
      "10": 600, 
      "11": 650, 
      "12": 700, 
      "13": 750, 
      "14": 800, 
      "15": 850, 
      "16": 900, 
      "17": 950, 
      "18": 1000, 
      "19": 1050, 
      "20": 1100, 
      "21": 1150, 
      "22": 1200, 
      "23": 1250, 
      "24": 1300, 
      "25": 1350, 
      "26": 1400, 
      "27": 1450
    }
  }, 
  "initial state": "pp", 
  "order": "?", 
  "source": "?", 
  "contact": "?", 
  "tool": "?", 
  "process_latex": "$\\tilde\\chi\\tilde\\chi$ (higgsino)"
}