{
  "comment": "?", 
  "reference": "?", 
  "Ecom [GeV]": "13000", 
  "process_id": "pp13_winoC1C1", 
  "PDF set": "?", 
  "data": {
    "xsec_pb": {
      "0": 11.6, 
      "1": 5.09, 
      "2": 2.61, 
      "3": 1.48, 
      "4": 0.903, 
      "5": 0.58, 
      "6": 0.388, 
      "7": 0.268, 
      "8": 0.19, 
      "9": 0.138, 
      "10": 0.102, 
      "11": 0.0768, 
      "12": 0.0586, 
      "13": 0.0452, 
      "14": 0.0353, 
      "15": 0.0278, 
      "16": 0.0221, 
      "17": 0.0177, 
      "18": 0.0143, 
      "19": 0.0116, 
      "20": 0.0095, 
      "21": 0.0078, 
      "22": 0.00643, 
      "23": 0.00534, 
      "24": 0.00444, 
      "25": 0.00371, 
      "26": 0.00311, 
      "27": 0.00262, 
      "28": 0.00221, 
      "29": 0.00186, 
      "30": 0.00158, 
      "31": 0.00135, 
      "32": 0.00115, 
      "33": 0.000981, 
      "34": 0.000843, 
      "35": 0.000713, 
      "36": 0.000622, 
      "37": 0.000536, 
      "38": 0.000459, 
      "39": 0.000399, 
      "40": 0.000343, 
      "41": 0.000301, 
      "42": 0.000262, 
      "43": 0.000225, 
      "44": 0.000196, 
      "45": 0.000168, 
      "46": 0.000148, 
      "47": 0.000129, 
      "48": 0.000116, 
      "49": 9.87e-05, 
      "50": 8.82e-05, 
      "51": 7.79e-05, 
      "52": 6.87e-05, 
      "53": 5.92e-05, 
      "54": 5.05e-05, 
      "55": 4.79e-05, 
      "56": 3.96e-05, 
      "57": 3.49e-05, 
      "58": 3.07e-05, 
      "59": 2.71e-05, 
      "60": 2.39e-05, 
      "61": 2.1e-05, 
      "62": 1.86e-05, 
      "63": 1.65e-05, 
      "64": 1.45e-05, 
      "65": 1.28e-05, 
      "66": 1.14e-05, 
      "67": 1e-05, 
      "68": 8.89e-06, 
      "69": 7.88e-06, 
      "70": 6.96e-06, 
      "71": 6.15e-06, 
      "72": 5.43e-06, 
      "73": 4.86e-06, 
      "74": 4.32e-06, 
      "75": 3.71e-06, 
      "76": 3.23e-06
    }, 
    "unc_pb": {
      "0": 0.519, 
      "1": 0.249, 
      "2": 0.138, 
      "3": 0.0833, 
      "4": 0.0537, 
      "5": 0.0361, 
      "6": 0.0253, 
      "7": 0.0183, 
      "8": 0.0134, 
      "9": 0.0102, 
      "10": 0.00775, 
      "11": 0.00603, 
      "12": 0.00473, 
      "13": 0.00372, 
      "14": 0.00297, 
      "15": 0.00241, 
      "16": 0.00195, 
      "17": 0.0016, 
      "18": 0.00132, 
      "19": 0.0011, 
      "20": 0.000912, 
      "21": 0.000769, 
      "22": 0.000639, 
      "23": 0.000542, 
      "24": 0.000457, 
      "25": 0.000386, 
      "26": 0.00033, 
      "27": 0.000283, 
      "28": 0.000245, 
      "29": 0.000202, 
      "30": 0.000178, 
      "31": 0.00015, 
      "32": 0.000136, 
      "33": 0.000115, 
      "34": 0.000102, 
      "35": 7.8e-05, 
      "36": 7.71e-05, 
      "37": 6.68e-05, 
      "38": 5.69e-05, 
      "39": 5.06e-05, 
      "40": 4.28e-05, 
      "41": 4.15e-05, 
      "42": 3.74e-05, 
      "43": 3.01e-05, 
      "44": 2.64e-05, 
      "45": 2.15e-05, 
      "46": 1.98e-05, 
      "47": 1.74e-05, 
      "48": 1.88e-05, 
      "49": 1.43e-05, 
      "50": 1.35e-05, 
      "51": 1.32e-05, 
      "52": 1.14e-05, 
      "53": 9.47e-06, 
      "54": 7.08e-06, 
      "55": 9.83e-06, 
      "56": 6.27e-06, 
      "57": 5.6e-06, 
      "58": 4.96e-06, 
      "59": 4.35e-06, 
      "60": 3.95e-06, 
      "61": 3.63e-06, 
      "62": 3.24e-06, 
      "63": 2.86e-06, 
      "64": 2.5e-06, 
      "65": 2.23e-06, 
      "66": 1.99e-06, 
      "67": 1.79e-06, 
      "68": 1.55e-06, 
      "69": 1.4e-06, 
      "70": 1.25e-06, 
      "71": 1.14e-06, 
      "72": 1.03e-06, 
      "73": 9.24e-07, 
      "74": 8.97e-07, 
      "75": 8.51e-07, 
      "76": 8.14e-07
    }, 
    "mass_GeV": {
      "0": 100, 
      "1": 125, 
      "2": 150, 
      "3": 175, 
      "4": 200, 
      "5": 225, 
      "6": 250, 
      "7": 275, 
      "8": 300, 
      "9": 325, 
      "10": 350, 
      "11": 375, 
      "12": 400, 
      "13": 425, 
      "14": 450, 
      "15": 475, 
      "16": 500, 
      "17": 525, 
      "18": 550, 
      "19": 575, 
      "20": 600, 
      "21": 625, 
      "22": 650, 
      "23": 675, 
      "24": 700, 
      "25": 725, 
      "26": 750, 
      "27": 775, 
      "28": 800, 
      "29": 825, 
      "30": 850, 
      "31": 875, 
      "32": 900, 
      "33": 925, 
      "34": 950, 
      "35": 975, 
      "36": 1000, 
      "37": 1025, 
      "38": 1050, 
      "39": 1075, 
      "40": 1100, 
      "41": 1125, 
      "42": 1150, 
      "43": 1175, 
      "44": 1200, 
      "45": 1225, 
      "46": 1250, 
      "47": 1275, 
      "48": 1300, 
      "49": 1325, 
      "50": 1350, 
      "51": 1375, 
      "52": 1400, 
      "53": 1425, 
      "54": 1450, 
      "55": 1475, 
      "56": 1500, 
      "57": 1525, 
      "58": 1550, 
      "59": 1575, 
      "60": 1600, 
      "61": 1625, 
      "62": 1650, 
      "63": 1675, 
      "64": 1700, 
      "65": 1725, 
      "66": 1750, 
      "67": 1775, 
      "68": 1800, 
      "69": 1825, 
      "70": 1850, 
      "71": 1875, 
      "72": 1900, 
      "73": 1925, 
      "74": 1950, 
      "75": 1975, 
      "76": 2000
    }
  }, 
  "initial state": "pp", 
  "order": "?", 
  "source": "?", 
  "contact": "?", 
  "tool": "?", 
  "process_latex": "$\\tilde\\chi_1^+\\tilde\\chi_1^-\\!$ (wino)"
}