{
  "comment": "?", 
  "reference": "?", 
  "Ecom [GeV]": "13000", 
  "process_id": "pp13_winomC1N2", 
  "PDF set": "?", 
  "data": {
    "xsec_pb": {
      "0": 8.77, 
      "1": 3.78, 
      "2": 1.91, 
      "3": 1.06, 
      "4": 0.637, 
      "5": 0.403, 
      "6": 0.265, 
      "7": 0.181, 
      "8": 0.127, 
      "9": 0.0906, 
      "10": 0.0663, 
      "11": 0.0492, 
      "12": 0.0371, 
      "13": 0.0283, 
      "14": 0.0219, 
      "15": 0.0171, 
      "16": 0.0134, 
      "17": 0.0107, 
      "18": 0.00853, 
      "19": 0.00687, 
      "20": 0.00556, 
      "21": 0.00453, 
      "22": 0.00371, 
      "23": 0.00305, 
      "24": 0.00252, 
      "25": 0.00209, 
      "26": 0.00174, 
      "27": 0.00146, 
      "28": 0.00122, 
      "29": 0.00102, 
      "30": 0.000862, 
      "31": 0.000727, 
      "32": 0.000623, 
      "33": 0.000529, 
      "34": 0.000451, 
      "35": 0.000386, 
      "36": 0.000329, 
      "37": 0.00028, 
      "38": 0.000241, 
      "39": 0.000213, 
      "40": 0.000181, 
      "41": 0.000155, 
      "42": 0.000136, 
      "43": 0.000115, 
      "44": 0.000101, 
      "45": 8.62e-05, 
      "46": 7.63e-05, 
      "47": 6.62e-05, 
      "48": 6.06e-05, 
      "49": 5.05e-05, 
      "50": 4.65e-05, 
      "51": 4.07e-05, 
      "52": 3.03e-05, 
      "53": 3.04e-05, 
      "54": 3.03e-05, 
      "55": 2.03e-05, 
      "56": 2e-05, 
      "57": 1.76e-05, 
      "58": 1.54e-05, 
      "59": 1.37e-05, 
      "60": 1.21e-05, 
      "61": 1.06e-05, 
      "62": 9.42e-06, 
      "63": 8.3e-06, 
      "64": 7.19e-06, 
      "65": 6.33e-06, 
      "66": 5.58e-06, 
      "67": 4.92e-06, 
      "68": 4.37e-06, 
      "69": 3.83e-06, 
      "70": 3.38e-06, 
      "71": 2.97e-06, 
      "72": 2.64e-06, 
      "73": 2.39e-06, 
      "74": 2.04e-06, 
      "75": 1.77e-06, 
      "76": 1.55e-06
    }, 
    "unc_pb": {
      "0": 0.518, 
      "1": 0.235, 
      "2": 0.126, 
      "3": 0.0738, 
      "4": 0.0465, 
      "5": 0.0309, 
      "6": 0.0211, 
      "7": 0.0149, 
      "8": 0.0108, 
      "9": 0.00798, 
      "10": 0.00608, 
      "11": 0.00461, 
      "12": 0.00358, 
      "13": 0.00281, 
      "14": 0.00221, 
      "15": 0.00177, 
      "16": 0.00144, 
      "17": 0.00118, 
      "18": 0.000962, 
      "19": 0.000797, 
      "20": 0.000665, 
      "21": 0.000544, 
      "22": 0.000459, 
      "23": 0.000387, 
      "24": 0.000328, 
      "25": 0.000283, 
      "26": 0.000239, 
      "27": 0.000203, 
      "28": 0.000175, 
      "29": 0.000143, 
      "30": 0.000128, 
      "31": 0.000111, 
      "32": 9.75e-05, 
      "33": 8.27e-05, 
      "34": 7.38e-05, 
      "35": 6.22e-05, 
      "36": 5.22e-05, 
      "37": 4.75e-05, 
      "38": 4.31e-05, 
      "39": 3.78e-05, 
      "40": 3.61e-05, 
      "41": 2.8e-05, 
      "42": 2.62e-05, 
      "43": 2.33e-05, 
      "44": 1.68e-05, 
      "45": 1.9e-05, 
      "46": 1.78e-05, 
      "47": 1.65e-05, 
      "48": 1.1e-05, 
      "49": 9.35e-06, 
      "50": 1.37e-05, 
      "51": 7.84e-06, 
      "52": 6.21e-06, 
      "53": 6.32e-06, 
      "54": 6.45e-06, 
      "55": 4.4e-06, 
      "56": 4.67e-06, 
      "57": 4.19e-06, 
      "58": 3.74e-06, 
      "59": 3.47e-06, 
      "60": 2.88e-06, 
      "61": 2.62e-06, 
      "62": 2.45e-06, 
      "63": 2.18e-06, 
      "64": 1.87e-06, 
      "65": 1.63e-06, 
      "66": 1.47e-06, 
      "67": 1.34e-06, 
      "68": 1.25e-06, 
      "69": 1.07e-06, 
      "70": 1e-06, 
      "71": 9.15e-07, 
      "72": 8.4e-07, 
      "73": 7.63e-07, 
      "74": 6.75e-07, 
      "75": 5.75e-07, 
      "76": 5.24e-07
    }, 
    "mass_GeV": {
      "0": 100, 
      "1": 125, 
      "2": 150, 
      "3": 175, 
      "4": 200, 
      "5": 225, 
      "6": 250, 
      "7": 275, 
      "8": 300, 
      "9": 325, 
      "10": 350, 
      "11": 375, 
      "12": 400, 
      "13": 425, 
      "14": 450, 
      "15": 475, 
      "16": 500, 
      "17": 525, 
      "18": 550, 
      "19": 575, 
      "20": 600, 
      "21": 625, 
      "22": 650, 
      "23": 675, 
      "24": 700, 
      "25": 725, 
      "26": 750, 
      "27": 775, 
      "28": 800, 
      "29": 825, 
      "30": 850, 
      "31": 875, 
      "32": 900, 
      "33": 925, 
      "34": 950, 
      "35": 975, 
      "36": 1000, 
      "37": 1025, 
      "38": 1050, 
      "39": 1075, 
      "40": 1100, 
      "41": 1125, 
      "42": 1150, 
      "43": 1175, 
      "44": 1200, 
      "45": 1225, 
      "46": 1250, 
      "47": 1275, 
      "48": 1300, 
      "49": 1325, 
      "50": 1350, 
      "51": 1375, 
      "52": 1400, 
      "53": 1425, 
      "54": 1450, 
      "55": 1475, 
      "56": 1500, 
      "57": 1525, 
      "58": 1550, 
      "59": 1575, 
      "60": 1600, 
      "61": 1625, 
      "62": 1650, 
      "63": 1675, 
      "64": 1700, 
      "65": 1725, 
      "66": 1750, 
      "67": 1775, 
      "68": 1800, 
      "69": 1825, 
      "70": 1850, 
      "71": 1875, 
      "72": 1900, 
      "73": 1925, 
      "74": 1950, 
      "75": 1975, 
      "76": 2000
    }
  }, 
  "initial state": "pp", 
  "order": "?", 
  "source": "?", 
  "contact": "?", 
  "tool": "?", 
  "process_latex": "$\\tilde\\chi_1^-\\tilde\\chi_2^0$ (wino)"
}