{
  "comment": "?", 
  "reference": "?", 
  "Ecom [GeV]": "13000", 
  "process_id": "pp13_winopC1N2", 
  "PDF set": "?", 
  "data": {
    "xsec_pb": {
      "0": 13.9, 
      "1": 6.25, 
      "2": 3.27, 
      "3": 1.89, 
      "4": 1.17, 
      "5": 0.762, 
      "6": 0.517, 
      "7": 0.362, 
      "8": 0.26, 
      "9": 0.191, 
      "10": 0.143, 
      "11": 0.109, 
      "12": 0.0839, 
      "13": 0.0655, 
      "14": 0.0516, 
      "15": 0.041, 
      "16": 0.0329, 
      "17": 0.0266, 
      "18": 0.0216, 
      "19": 0.0177, 
      "20": 0.0146, 
      "21": 0.012, 
      "22": 0.01, 
      "23": 0.00835, 
      "24": 0.00699, 
      "25": 0.00587, 
      "26": 0.00495, 
      "27": 0.00418, 
      "28": 0.00354, 
      "29": 0.00301, 
      "30": 0.00256, 
      "31": 0.00218, 
      "32": 0.00187, 
      "33": 0.0016, 
      "34": 0.00137, 
      "35": 0.00118, 
      "36": 0.00101, 
      "37": 0.000879, 
      "38": 0.000757, 
      "39": 0.000652, 
      "40": 0.000559, 
      "41": 0.000492, 
      "42": 0.00042, 
      "43": 0.000371, 
      "44": 0.000316, 
      "45": 0.000276, 
      "46": 0.000241, 
      "47": 0.00021, 
      "48": 0.00018, 
      "49": 0.000159, 
      "50": 0.000139, 
      "51": 0.000121, 
      "52": 0.000101, 
      "53": 9.06e-05, 
      "54": 8.07e-05, 
      "55": 7.04e-05, 
      "56": 5.99e-05, 
      "57": 5.21e-05, 
      "58": 4.56e-05, 
      "59": 3.95e-05, 
      "60": 3.47e-05, 
      "61": 3.08e-05, 
      "62": 2.66e-05, 
      "63": 2.31e-05, 
      "64": 2e-05, 
      "65": 1.77e-05, 
      "66": 1.54e-05, 
      "67": 1.34e-05, 
      "68": 1.17e-05, 
      "69": 1.01e-05, 
      "70": 8.7e-06, 
      "71": 7.55e-06, 
      "72": 6.76e-06, 
      "73": 5.83e-06, 
      "74": 5.1e-06, 
      "75": 4.45e-06, 
      "76": 3.89e-06
    }, 
    "unc_pb": {
      "0": 0.486, 
      "1": 0.223, 
      "2": 0.127, 
      "3": 0.0806, 
      "4": 0.0548, 
      "5": 0.038, 
      "6": 0.0277, 
      "7": 0.0205, 
      "8": 0.0156, 
      "9": 0.0121, 
      "10": 0.0094, 
      "11": 0.0075, 
      "12": 0.00605, 
      "13": 0.00494, 
      "14": 0.00404, 
      "15": 0.00329, 
      "16": 0.00273, 
      "17": 0.0023, 
      "18": 0.00192, 
      "19": 0.00161, 
      "20": 0.00138, 
      "21": 0.00116, 
      "22": 0.000977, 
      "23": 0.000833, 
      "24": 0.000714, 
      "25": 0.000603, 
      "26": 0.000532, 
      "27": 0.000452, 
      "28": 0.000389, 
      "29": 0.000336, 
      "30": 0.000284, 
      "31": 0.000255, 
      "32": 0.000217, 
      "33": 0.000185, 
      "34": 0.000169, 
      "35": 0.000155, 
      "36": 0.000123, 
      "37": 0.000108, 
      "38": 9e-05, 
      "39": 8e-05, 
      "40": 7.11e-05, 
      "41": 6.37e-05, 
      "42": 5.66e-05, 
      "43": 4.12e-05, 
      "44": 4.16e-05, 
      "45": 3.72e-05, 
      "46": 2.87e-05, 
      "47": 2.65e-05, 
      "48": 2.29e-05, 
      "49": 1.96e-05, 
      "50": 1.74e-05, 
      "51": 1.55e-05, 
      "52": 1.28e-05, 
      "53": 1.21e-05, 
      "54": 1.11e-05, 
      "55": 1.09e-05, 
      "56": 8.97e-06, 
      "57": 8.09e-06, 
      "58": 7.59e-06, 
      "59": 7.23e-06, 
      "60": 6.71e-06, 
      "61": 6.27e-06, 
      "62": 5.61e-06, 
      "63": 5.28e-06, 
      "64": 4.98e-06, 
      "65": 4.13e-06, 
      "66": 3.74e-06, 
      "67": 3.41e-06, 
      "68": 3.12e-06, 
      "69": 2.86e-06, 
      "70": 2.79e-06, 
      "71": 2.62e-06, 
      "72": 2.17e-06, 
      "73": 2.02e-06, 
      "74": 1.77e-06, 
      "75": 1.68e-06, 
      "76": 1.55e-06
    }, 
    "mass_GeV": {
      "0": 100, 
      "1": 125, 
      "2": 150, 
      "3": 175, 
      "4": 200, 
      "5": 225, 
      "6": 250, 
      "7": 275, 
      "8": 300, 
      "9": 325, 
      "10": 350, 
      "11": 375, 
      "12": 400, 
      "13": 425, 
      "14": 450, 
      "15": 475, 
      "16": 500, 
      "17": 525, 
      "18": 550, 
      "19": 575, 
      "20": 600, 
      "21": 625, 
      "22": 650, 
      "23": 675, 
      "24": 700, 
      "25": 725, 
      "26": 750, 
      "27": 775, 
      "28": 800, 
      "29": 825, 
      "30": 850, 
      "31": 875, 
      "32": 900, 
      "33": 925, 
      "34": 950, 
      "35": 975, 
      "36": 1000, 
      "37": 1025, 
      "38": 1050, 
      "39": 1075, 
      "40": 1100, 
      "41": 1125, 
      "42": 1150, 
      "43": 1175, 
      "44": 1200, 
      "45": 1225, 
      "46": 1250, 
      "47": 1275, 
      "48": 1300, 
      "49": 1325, 
      "50": 1350, 
      "51": 1375, 
      "52": 1400, 
      "53": 1425, 
      "54": 1450, 
      "55": 1475, 
      "56": 1500, 
      "57": 1525, 
      "58": 1550, 
      "59": 1575, 
      "60": 1600, 
      "61": 1625, 
      "62": 1650, 
      "63": 1675, 
      "64": 1700, 
      "65": 1725, 
      "66": 1750, 
      "67": 1775, 
      "68": 1800, 
      "69": 1825, 
      "70": 1850, 
      "71": 1875, 
      "72": 1900, 
      "73": 1925, 
      "74": 1950, 
      "75": 1975, 
      "76": 2000
    }
  }, 
  "initial state": "pp", 
  "order": "?", 
  "source": "?", 
  "contact": "?", 
  "tool": "?", 
  "process_latex": "$\\tilde\\chi_1^+\\tilde\\chi_2^0$ (wino)"
}